{"0":{"0":0.9102493164,"1":-1.9463732538,"2":0.9887942491,"3":0.2073410751,"4":-0.8557036928,"5":0.6781614916,"6":-0.7729833895,"7":-2.2941755377,"8":0.449728554,"9":-0.9970836977,"10":-1.9193709702,"11":-2.0509019701,"12":2.7806833518,"13":-3.532391379,"14":-1.1201405057,"15":-0.1364593979,"16":1.147290038,"17":-0.6899253397,"18":-0.6686879356,"19":-0.0592402821},"1":{"0":1.1506285983,"1":-2.9412975275,"2":-1.539601897,"3":-0.4262763944,"4":-0.8495796228,"5":1.1578741275,"6":-0.0256255722,"7":3.9245827267,"8":-0.6629146903,"9":-0.8225321042,"10":-0.8188717352,"11":2.7382755794,"12":-0.1207828918,"13":2.0920898105,"14":2.2735994846,"15":-0.1356495114,"16":0.3791832123,"17":0.3525249389,"18":0.3393153529,"19":-0.0040226047}}