{"0":{"0":0.496714153,"1":-0.4634176928,"2":1.4656487689,"3":-0.6017066122,"4":0.73846658,"5":0.3240839694,"6":-0.4791742378,"7":0.3613956055,"8":-0.2196718878,"9":0.0970775493,"10":-1.4153707421,"11":-1.9187712153,"12":0.791031947,"13":-1.5506634311,"14":0.2274599346,"15":0.2504928503,"16":-0.9746816702,"17":-0.8895144296,"18":0.6256673478,"19":-0.4465149521},"1":{"0":-0.1382643012,"1":-0.4657297536,"2":-0.2257763005,"3":1.8522781845,"4":0.1713682812,"5":-0.3850822804,"6":-0.1856589767,"7":1.5380365665,"8":0.3571125715,"9":0.9686449905,"10":-0.4206453228,"11":-0.0265138754,"12":-0.9093874548,"13":0.0685629748,"14":1.3071427543,"15":0.3464482095,"16":0.7870846037,"17":-0.815810285,"18":-0.8571575564,"19":0.8563987943}}